cliente,eta,neo_patentato,nr_figli,reddito_mensile_netto,altre_spese,diff_reddito,sesso,zona,tipologia_auto,nuovo_usato,costo_auto,eta_veicolo,oneri_accessori,anticipo,tan,tan_mensile,formula_acquisto_preferita,nr_rate
1,20,1,0,"1,400.00",€100.25,"€1,299.75",0,0,0,1,"€12,000.00",3,€120.00,0.00%,5.00%,0.41667%,1,60
2,18,1,0,"1,560.00",€348.98,"€1,211.02",1,0,0,1,"€9,650.00",6,€96.50,0.00%,5.00%,0.41667%,1,24
3,52,0,2,"2,500.00",€500.00,"€2,000.00",0,1,4,0,"€25,670.00",0,€256.70,25.00%,3.50%,0.29167%,0,0
4,30,0,1,"1,200.00",€67.90,"€1,132.10",1,2,3,0,"€22,000.00",0,€220.00,25.00%,3.50%,0.29167%,2,36
5,33,0,1,"1,400.00",€289.00,"€1,111.00",1,3,0,1,"€15,000.00",4,€150.00,0.00%,5.00%,0.41667%,1,36
6,44,0,0,"2,000.00","€1,200.00",€800.00,1,3,1,1,"€23,570.00",3,€235.70,0.00%,5.00%,0.41667%,1,36
7,70,0,3,"1,800.00",€150.45,"€1,649.55",1,2,0,0,"€25,000.00",0,€250.00,40.00%,3.50%,0.29167%,2,36
8,25,0,1,"1,000.00",€100.00,€900.00,1,2,0,1,"€12,650.00",4,€126.50,0.00%,5.00%,0.41667%,1,60
9,62,0,4,"1,200.00",€600.56,€599.44,0,1,0,1,"€8,000.00",5,€80.00,0.00%,5.00%,0.41667%,1,60
10,19,1,0,"3,250.00",€250.00,"€3,000.00",1,1,0,1,"€6,500.00",6,€65.00,0.00%,5.00%,0.41667%,1,60
11,18,1,0,"1,900.00",€800.00,"€1,100.00",1,1,0,1,"€5,500.00",10,€55.00,0.00%,5.00%,0.41667%,1,60
12,67,0,0,"1,900.00",€800.00,"€1,100.00",0,1,4,0,"€35,000.00",0,€350.00,25.00%,3.50%,0.29167%,2,36
13,65,0,1,"1,600.00",€234.00,"€1,366.00",0,1,4,0,"€29,000.00",0,€290.00,25.00%,3.50%,0.29167%,2,36
14,71,0,1,"1,350.00",€130.00,"€1,220.00",0,0,4,0,"€26,500.00",0,€265.00,25.00%,3.50%,0.29167%,2,36
15,30,0,0,"1,350.00",€100.00,"€1,250.00",0,0,1,0,"€10,250.00",0,€102.50,25.00%,3.50%,0.29167%,2,36
16,26,0,0,"1,200.00",€128.00,"€1,072.00",0,2,1,0,"€6,780.00",0,€67.80,25.00%,3.50%,0.29167%,2,36
17,44,0,1,"3,500.00","€1,000.00","€2,500.00",1,2,1,1,"€16,000.00",7,€160.00,0.00%,5.00%,0.41667%,0,0
18,43,0,0,"4,000.00","€1,250.00","€2,750.00",1,2,1,1,"€18,900.00",6,€189.00,0.00%,5.00%,0.41667%,0,0
19,39,0,0,"1,950.00",€547.98,"€1,402.02",0,3,1,1,"€17,600.00",9,€176.00,0.00%,5.00%,0.41667%,1,48
